layer,checkpoint,cosine_vs_final,norm_l1_vs_final,cosine_vs_next,norm_l1_vs_next
layer_02,540,0.9896644234615927,0.10855333333333334,0.9819173361991733,0.14314533333333335
layer_02,1080,0.9911912260408996,0.11068133333333333,0.9878028811505477,0.125688
layer_02,1620,0.9952836204464756,0.083728,0.9885152251461132,0.12532666666666667
layer_02,2160,0.9911248483410062,0.10200133333333335,0.9783177650231096,0.15965733333333332
layer_02,2700,0.9846484217134884,0.14150000000000001,0.9783869866049626,0.154372
layer_02,3240,0.9886930267751854,0.12610266666666667,0.9772287507594118,0.1766106666666667
layer_02,3780,0.9836377067459222,0.14762933333333336,0.978840537506803,0.15823333333333334
layer_02,4320,0.9865030504804206,0.13100266666666666,0.9793038204605313,0.16899733333333333
layer_02,4860,0.9868751789494163,0.1360613333333333,0.9855898952392869,0.13651333333333332
layer_02,5400,0.9970299055432061,0.058737333333333336,0.9970299055432061,0.058737333333333336
layer_02,5473,1.0,0.0,,
layer_03,540,0.9947818461710886,0.07599733333333332,0.9915692089659681,0.10076399999999999
layer_03,1080,0.9939606974144946,0.08596933333333333,0.9909494454956005,0.1021973333333333
layer_03,1620,0.9959202172381976,0.06803999999999999,0.993633453027343,0.080648
layer_03,2160,0.9953250116099606,0.07132533333333335,0.991319791444261,0.09457066666666666
layer_03,2700,0.9930137180861565,0.084132,0.9912087587616404,0.10195333333333334
layer_03,3240,0.9942875890492423,0.08323733333333334,0.991574920919738,0.09836800000000001
layer_03,3780,0.9943164850500167,0.08332666666666666,0.9923742528471121,0.09596400000000002
layer_03,4320,0.9953479904936566,0.075128,0.9940857742471256,0.08463333333333332
layer_03,4860,0.99609023460387,0.06496666666666667,0.9957939863703339,0.07089466666666666
layer_03,5400,0.9990042145535551,0.03392933333333334,0.9990042145535551,0.03392933333333334
layer_03,5473,1.0,0.0,,
layer_04,540,0.996902395006042,0.05982000000000001,0.9937272035982649,0.086688
layer_04,1080,0.9977614300103521,0.05308133333333333,0.9960672833037363,0.06952933333333332
layer_04,1620,0.9985152581947117,0.04374666666666667,0.9973781918779123,0.06006666666666667
layer_04,2160,0.9984065970041792,0.04264666666666667,0.9965561578740494,0.06342133333333333
layer_04,2700,0.9983117445141909,0.045037333333333346,0.9974195457473716,0.053976
layer_04,3240,0.9985455494343023,0.04155066666666668,0.9975279412677359,0.05408
layer_04,3780,0.9986496342501073,0.04082000000000001,0.997358021049586,0.05546
layer_04,4320,0.998591224343295,0.03931600000000002,0.9975349262515179,0.05592266666666666
layer_04,4860,0.9989550033020141,0.03760666666666666,0.9988925264772248,0.038911999999999995
layer_04,5400,0.9997042859433266,0.020142666666666677,0.9997042859433266,0.020142666666666677
layer_04,5473,1.0000000000000002,0.0,,
layer_05,540,0.9980132140884882,0.04846000000000001,0.9980888026915377,0.04935466666666667
layer_05,1080,0.9985381238317675,0.041708000000000016,0.9986370941860874,0.04091466666666667
layer_05,1620,0.9989817923492555,0.03724133333333334,0.9987139702807346,0.03811333333333333
layer_05,2160,0.9990701380866751,0.03335066666666667,0.9988298112844783,0.038021333333333324
layer_05,2700,0.9992651026612922,0.03084666666666666,0.9986047601741209,0.039268000000000004
layer_05,3240,0.9989886572220333,0.03545599999999999,0.9985771771836024,0.04097333333333332
layer_05,3780,0.9989435879719639,0.035650666666666664,0.99838543256799,0.04623466666666666
layer_05,4320,0.9991455011390343,0.030461333333333333,0.9985689318256589,0.042420000000000006
layer_05,4860,0.9989621652068643,0.03360666666666666,0.9990806187497443,0.033003999999999985
layer_05,5400,0.9997378039009747,0.01650933333333333,0.9997378039009747,0.01650933333333333
layer_05,5473,1.0,0.0,,
layer_06,540,0.9971613641889091,0.055353333333333324,0.9973942300882473,0.055511999999999985
layer_06,1080,0.9991408679497394,0.030962666666666666,0.9983704599290735,0.04365333333333335
layer_06,1620,0.9986689096815062,0.039601333333333336,0.9985643216341357,0.04365466666666667
layer_06,2160,0.9995037055413047,0.02466533333333334,0.9988445734061511,0.039221333333333344
layer_06,2700,0.9991493403034076,0.031321333333333326,0.999033244119594,0.03418399999999999
layer_06,3240,0.9993991136259974,0.02746133333333333,0.9991899341527232,0.03066400000000001
layer_06,3780,0.9993345547414662,0.029598666666666672,0.9988969334719854,0.03830666666666667
layer_06,4320,0.9995185499163806,0.023407999999999998,0.9990653552505254,0.033902666666666664
layer_06,4860,0.9993643781832355,0.03007066666666666,0.9994554774638931,0.026650666666666663
layer_06,5400,0.999849327007878,0.013868000000000002,0.999849327007878,0.013868000000000002
layer_06,5473,0.9999999999999998,0.0,,
layer_07,540,0.9975792742488528,0.05717200000000001,0.997510203969794,0.05518666666666666
layer_07,1080,0.9988772664735477,0.036405333333333324,0.9990113986566909,0.034679999999999996
layer_07,1620,0.9991539879958161,0.03261066666666666,0.9988762767035122,0.03601466666666667
layer_07,2160,0.9992562586622072,0.030669333333333344,0.9985827920373083,0.03933333333333333
layer_07,2700,0.9993572034137703,0.027088,0.9990567453561108,0.03433466666666665
layer_07,3240,0.9992162336667972,0.03142133333333332,0.9987161045884999,0.03804399999999998
layer_07,3780,0.999621758442232,0.021745333333333332,0.9993731925628841,0.028622666666666654
layer_07,4320,0.9996859349832459,0.019984000000000002,0.9994712178022316,0.024133333333333305
layer_07,4860,0.9996159452916565,0.021181333333333344,0.999528822076744,0.022164000000000003
layer_07,5400,0.9999292628544385,0.00786666666666667,0.9999292628544385,0.00786666666666667
layer_07,5473,1.0,0.0,,
layer_08,540,0.9961042584752885,0.06756000000000001,0.9968210689468701,0.06497333333333334
layer_08,1080,0.9973457428653351,0.05037199999999999,0.9987503617474879,0.040098666666666685
layer_08,1620,0.9979915964476207,0.03640399999999998,0.9983752320293247,0.03975733333333334
layer_08,2160,0.9990176115915129,0.03261866666666666,0.9986040575681613,0.03730133333333334
layer_08,2700,0.9986552918919962,0.03344266666666666,0.9990255431278598,0.030472000000000013
layer_08,3240,0.9994166808360204,0.02608399999999999,0.9994730478119549,0.024418666666666665
layer_08,3780,0.9994231463347397,0.025063999999999996,0.9991774699051726,0.029368000000000012
layer_08,4320,0.9994338163070587,0.025639999999999996,0.998880459873943,0.03229733333333333
layer_08,4860,0.9994829378064292,0.021862666666666655,0.9993714320597941,0.026511999999999994
layer_08,5400,0.9999131702868214,0.010193333333333346,0.9999131702868214,0.010193333333333346
layer_08,5473,1.0000000000000002,0.0,,
layer_09,540,0.9947794360320469,0.08136266666666667,0.9955694789747497,0.07138933333333332
layer_09,1080,0.9983936615698717,0.046934666666666666,0.9983757665857907,0.039562666666666677
layer_09,1620,0.9984630365381528,0.04155599999999999,0.9985422894359149,0.042317333333333346
layer_09,2160,0.9989563839124422,0.03618133333333334,0.998700838080826,0.036589333333333335
layer_09,2700,0.9990558500499551,0.03442266666666667,0.9990349270173868,0.034732
layer_09,3240,0.9993887376757272,0.025108,0.9986809864348201,0.03561866666666666
layer_09,3780,0.9993485709861611,0.027299999999999998,0.9990750373255485,0.03214666666666666
layer_09,4320,0.9994536163890774,0.02612266666666666,0.9987488525684728,0.03745333333333332
layer_09,4860,0.9994726537146877,0.024755999999999986,0.9993693684552085,0.02680666666666666
layer_09,5400,0.9998842312529391,0.01171866666666667,0.9998842312529391,0.01171866666666667
layer_09,5473,1.0,0.0,,
