layer,checkpoint,policy,normalized_time
layer_02,3780,ecmp,2.536275933063285
layer_02,3780,static_mean,1.7132244023609307
layer_02,3780,static_p95,1.5912809644265171
layer_02,3780,static_worst,1.1481506802488548
layer_02,3780,oracle,1.533009730863016
layer_02,3780,ecmp_p95,3.224413755383879
layer_02,4320,ecmp,2.5502106751756015
layer_02,4320,static_mean,1.62413359086348
layer_02,4320,static_p95,1.5429071905433074
layer_02,4320,static_worst,1.1531318333942358
layer_02,4320,oracle,1.5597046523633031
layer_02,4320,ecmp_p95,3.2592876159320676
layer_02,4860,ecmp,2.531844412434201
layer_02,4860,static_mean,1.668629961587708
layer_02,4860,static_p95,1.5132508180395505
layer_02,4860,static_worst,1.1502062882344573
layer_02,4860,oracle,1.5011637501778348
layer_02,4860,ecmp_p95,3.1847318252952057
layer_02,5400,ecmp,2.5697553424240827
layer_02,5400,static_mean,1.618598012202898
layer_02,5400,static_p95,1.5781400817816464
layer_02,5400,static_worst,1.1631245502886927
layer_02,5400,oracle,1.574957734449495
layer_02,5400,ecmp_p95,3.2669720316128767
layer_02,5473,ecmp,2.5665272494513536
layer_02,5473,static_mean,1.590121433796635
layer_02,5473,static_p95,1.539932699341624
layer_02,5473,static_worst,1.1566349670811997
layer_02,5473,oracle,1.1399912216532553
layer_02,5473,ecmp_p95,3.286332114118508
layer_03,3780,ecmp,2.607896088618836
layer_03,3780,static_mean,1.164125731586664
layer_03,3780,static_p95,1.6979485773544873
layer_03,3780,static_worst,1.7033840725686291
layer_03,3780,oracle,1.141954632686875
layer_03,3780,ecmp_p95,3.340272728356359
layer_03,4320,ecmp,2.5750325253906707
layer_03,4320,static_mean,1.1508563128177494
layer_03,4320,static_p95,1.6111098095260408
layer_03,4320,static_worst,1.6092355270248109
layer_03,4320,oracle,1.1508563128177494
layer_03,4320,ecmp_p95,3.247311576037298
layer_03,4860,ecmp,2.515015678408794
layer_03,4860,static_mean,1.1535220704300526
layer_03,4860,static_p95,1.5711738720630486
layer_03,4860,static_worst,1.555184592148446
layer_03,4860,oracle,1.152159347710058
layer_03,4860,ecmp_p95,3.136272271999455
layer_03,5400,ecmp,2.6108818703212866
layer_03,5400,static_mean,1.146148978592834
layer_03,5400,static_p95,1.6632400873956803
layer_03,5400,static_worst,1.6621416717408695
layer_03,5400,oracle,1.146148978592834
layer_03,5400,ecmp_p95,3.3351182587724013
layer_03,5473,ecmp,2.622904267360278
layer_03,5473,static_mean,1.1582153993763493
layer_03,5473,static_p95,1.6785799952026865
layer_03,5473,static_worst,1.6903813864236028
layer_03,5473,oracle,1.1473974574238426
layer_03,5473,ecmp_p95,3.359000959462701
layer_04,3780,ecmp,2.587977624835607
layer_04,3780,static_mean,1.1476088533465438
layer_04,3780,static_p95,1.1476088533465438
layer_04,3780,static_worst,1.5949941909496765
layer_04,3780,oracle,1.1425841722545602
layer_04,3780,ecmp_p95,3.3077558193709713
layer_04,4320,ecmp,2.5694615675594994
layer_04,4320,static_mean,1.1447770454572062
layer_04,4320,static_p95,1.1447770454572062
layer_04,4320,static_worst,1.6354526404514111
layer_04,4320,oracle,1.1447770454572062
layer_04,4320,ecmp_p95,3.2859015932850237
layer_04,4860,ecmp,2.5540397648033006
layer_04,4860,static_mean,1.1452844441861816
layer_04,4860,static_p95,1.1493055959091174
layer_04,4860,static_worst,1.69099889592655
layer_04,4860,oracle,1.1413097797664014
layer_04,4860,ecmp_p95,3.247080016270556
layer_04,5400,ecmp,2.6345437856467457
layer_04,5400,static_mean,1.1522353182083727
layer_04,5400,static_p95,1.1552225681918105
layer_04,5400,static_worst,1.6936743777064425
layer_04,5400,oracle,1.1588361770427429
layer_04,5400,ecmp_p95,3.381085166737935
layer_04,5473,ecmp,2.644235639465615
layer_04,5473,static_mean,1.148262160642036
layer_04,5473,static_p95,1.1619302203218647
layer_04,5473,static_worst,1.692686378508488
layer_04,5473,oracle,1.654875445270307
layer_04,5473,ecmp_p95,3.3884510943519466
layer_05,3780,ecmp,2.600112289316267
layer_05,3780,static_mean,1.1506963012147478
layer_05,3780,static_p95,1.6360736792805184
layer_05,3780,static_worst,1.6398204853062361
layer_05,3780,oracle,1.6369036679571014
layer_05,3780,ecmp_p95,3.3400641462677187
layer_05,4320,ecmp,2.61153010175493
layer_05,4320,static_mean,1.154080927060731
layer_05,4320,static_p95,1.6199718638975655
layer_05,4320,static_worst,1.657359498318987
layer_05,4320,oracle,1.1440425379718162
layer_05,4320,ecmp_p95,3.352875605045423
layer_05,4860,ecmp,2.598779821721834
layer_05,4860,static_mean,1.1554938963294974
layer_05,4860,static_p95,1.6252186234577783
layer_05,4860,static_worst,1.6252186234577783
layer_05,4860,oracle,1.1554938963294974
layer_05,4860,ecmp_p95,3.33519496765855
layer_05,5400,ecmp,2.622016067802397
layer_05,5400,static_mean,1.156408551524191
layer_05,5400,static_p95,1.6540454412037786
layer_05,5400,static_worst,1.6540454412037786
layer_05,5400,oracle,1.6121623807213328
layer_05,5400,ecmp_p95,3.36010926015778
layer_05,5473,ecmp,2.623458236674579
layer_05,5473,static_mean,1.15319138733036
layer_05,5473,static_p95,1.6520404737927397
layer_05,5473,static_worst,1.6538147988299046
layer_05,5473,oracle,1.1425933918381048
layer_05,5473,ecmp_p95,3.3578921498105787
layer_06,3780,ecmp,2.6124909969702204
layer_06,3780,static_mean,1.6251525306698253
layer_06,3780,static_p95,1.6357240221667986
layer_06,3780,static_worst,1.6382954660444407
layer_06,3780,oracle,1.6123905499437496
layer_06,3780,ecmp_p95,3.3689069577795108
layer_06,4320,ecmp,2.6259835212664586
layer_06,4320,static_mean,1.6131943736927585
layer_06,4320,static_p95,1.6707040075752582
layer_06,4320,static_worst,1.692063358883848
layer_06,4320,oracle,1.14168249839685
layer_06,4320,ecmp_p95,3.378265481634194
layer_06,4860,ecmp,2.575873355648658
layer_06,4860,static_mean,1.6024375952185632
layer_06,4860,static_p95,1.6130786358842142
layer_06,4860,static_worst,1.6279151529356615
layer_06,4860,oracle,1.6160553146607288
layer_06,4860,ecmp_p95,3.3187448728465956
layer_06,5400,ecmp,2.614585505385697
layer_06,5400,static_mean,1.6348926435192908
layer_06,5400,static_p95,1.6382765769844863
layer_06,5400,static_worst,1.6405166456163762
layer_06,5400,oracle,1.1380740175869217
layer_06,5400,ecmp_p95,3.3713866978052094
layer_06,5473,ecmp,2.611789005809835
layer_06,5473,static_mean,1.6395878350625925
layer_06,5473,static_p95,1.6384687274913536
layer_06,5473,static_worst,1.6415403206124137
layer_06,5473,oracle,1.6369448363305177
layer_06,5473,ecmp_p95,3.362453940984934
layer_07,3780,ecmp,2.5838207692987103
layer_07,3780,static_mean,1.6120826709062004
layer_07,3780,static_p95,1.6028499087322616
layer_07,3780,static_worst,1.628240004710593
layer_07,3780,oracle,1.136053700759583
layer_07,3780,ecmp_p95,3.318736383442266
layer_07,4320,ecmp,2.5563664040114613
layer_07,4320,static_mean,1.5782211708910419
layer_07,4320,static_p95,1.578546644425975
layer_07,4320,static_worst,1.6078392625699622
layer_07,4320,oracle,1.6138372748565881
layer_07,4320,ecmp_p95,3.2755830916498603
layer_07,4860,ecmp,2.5182042489784937
layer_07,4860,static_mean,1.5576335397328633
layer_07,4860,static_p95,1.554978196426732
layer_07,4860,static_worst,1.5590069931670691
layer_07,4860,oracle,1.1394627507983197
layer_07,4860,ecmp_p95,3.226934566389305
layer_07,5400,ecmp,2.5767259967542753
layer_07,5400,static_mean,1.6061932878658043
layer_07,5400,static_p95,1.5895009919121013
layer_07,5400,static_worst,1.6067567408937773
layer_07,5400,oracle,1.5983988543121765
layer_07,5400,ecmp_p95,3.3060782495392598
layer_07,5473,ecmp,2.578152344988783
layer_07,5473,static_mean,1.609556137610261
layer_07,5473,static_p95,1.591374105873924
layer_07,5473,static_worst,1.6070426009231962
layer_07,5473,oracle,1.6049284111864128
layer_07,5473,ecmp_p95,3.311003183030104
layer_08,3780,ecmp,2.5870353758988562
layer_08,3780,static_mean,1.1443828834138865
layer_08,3780,static_p95,1.625156194742426
layer_08,3780,static_worst,1.625156194742426
layer_08,3780,oracle,1.142166686313804
layer_08,3780,ecmp_p95,3.2976246610868793
layer_08,4320,ecmp,2.595758457947237
layer_08,4320,static_mean,1.1493063553090839
layer_08,4320,static_p95,1.6241148574027156
layer_08,4320,static_worst,1.6241148574027156
layer_08,4320,oracle,1.1398805832639394
layer_08,4320,ecmp_p95,3.317204396331272
layer_08,4860,ecmp,2.5939613669255985
layer_08,4860,static_mean,1.1572909590335825
layer_08,4860,static_p95,1.623723306849396
layer_08,4860,static_worst,1.623723306849396
layer_08,4860,oracle,1.6163511238444044
layer_08,4860,ecmp_p95,3.308987801636294
layer_08,5400,ecmp,2.5939167356777384
layer_08,5400,static_mean,1.156333737541037
layer_08,5400,static_p95,1.6402235958711662
layer_08,5400,static_worst,1.6402235958711662
layer_08,5400,oracle,1.1338795066694272
layer_08,5400,ecmp_p95,3.322108189642424
layer_08,5473,ecmp,2.5963863069716204
layer_08,5473,static_mean,1.1566778793765102
layer_08,5473,static_p95,1.6460652863978775
layer_08,5473,static_worst,1.6460652863978775
layer_08,5473,oracle,1.6261903633865542
layer_08,5473,ecmp_p95,3.325371914530724
layer_09,3780,ecmp,2.504989501037427
layer_09,3780,static_mean,1.135652154086437
layer_09,3780,static_p95,1.135652154086437
layer_09,3780,static_worst,1.135652154086437
layer_09,3780,oracle,1.135652154086437
layer_09,3780,ecmp_p95,3.1836702121595586
layer_09,4320,ecmp,2.5454794888098395
layer_09,4320,static_mean,1.1418540383646085
layer_09,4320,static_p95,1.1418540383646085
layer_09,4320,static_worst,1.1418540383646085
layer_09,4320,oracle,1.1418540383646085
layer_09,4320,ecmp_p95,3.2334493966061633
layer_09,4860,ecmp,2.580650575682018
layer_09,4860,static_mean,1.1555294807861543
layer_09,4860,static_p95,1.1555294807861543
layer_09,4860,static_worst,1.1555294807861543
layer_09,4860,oracle,1.1533235552948078
layer_09,4860,ecmp_p95,3.276620709885597
layer_09,5400,ecmp,2.579319798349868
layer_09,5400,static_mean,1.1444835839503196
layer_09,5400,static_p95,1.1501996506848107
layer_09,5400,static_worst,1.1501996506848107
layer_09,5400,oracle,1.1444835839503196
layer_09,5400,ecmp_p95,3.2821808088352045
layer_09,5473,ecmp,2.5826998504758256
layer_09,5473,static_mean,1.143419463186117
layer_09,5473,static_p95,1.1499248696267053
layer_09,5473,static_worst,1.1499248696267053
layer_09,5473,oracle,1.143419463186117
layer_09,5473,ecmp_p95,3.290545358121446
